{"train/reward":1,"train/target":4227.9,"train/step":119,"_wandb":{"runtime":1},"_runtime":1.187557,"_timestamp":1.7771862550192246e+09,"_step":119}